lastUpdated,title,url
" This page was last edited on 1 January 2025, at 17:05",Kevin Bacon,https://en.wikipedia.org/wiki/Kevin_Bacon
" This page was last edited on 20 November 2024, at 21:20",Michael Bacon (musician),https://en.wikipedia.org/wiki/Michael_Bacon_(musician)
" This page was last edited on 25 December 2024, at 20:29",Leading actor,https://en.wikipedia.org/wiki/Leading_man
" This page was last edited on 6 January 2025, at 22:59",Main Page,https://en.wikipedia.org/wiki/Main_Page
" This page was last edited on 12 June 2022, at 14:34",Kevin Bacon (disambiguation),https://en.wikipedia.org/wiki/Kevin_Bacon_(disambiguation)
" This page was last edited on 15 December 2024, at 06:30",Kevin Bacon filmography,https://en.wikipedia.org/wiki/Kevin_Bacon_filmography
" This page was last edited on 10 November 2024, at 23:31",Edmund Bacon (architect),https://en.wikipedia.org/wiki/Edmund_Bacon_(architect)
" This page was last edited on 8 December 2024, at 18:56",Sosie Bacon,https://en.wikipedia.org/wiki/Sosie_Bacon
" This page was last edited on 26 December 2024, at 23:42",Kyra Sedgwick,https://en.wikipedia.org/wiki/Kyra_Sedgwick
" This page was last edited on 15 December 2024, at 11:36",Character actor,https://en.wikipedia.org/wiki/Character_actor
" This page was last edited on 8 January 2025, at 06:08",Golden Globe Awards,https://en.wikipedia.org/wiki/Golden_Globe_Award
" This page was last edited on 24 December 2024, at 21:14",Sam Elliott,https://en.wikipedia.org/wiki/Sam_Elliott
" This page was last edited on 24 December 2024, at 02:13",Diner,https://en.wikipedia.org/wiki/Diner_(1982_film)
" This page was last edited on 8 January 2025, at 23:34",Screen Actors Guild Awards,https://en.wikipedia.org/wiki/Screen_Actors_Guild_Award
" This page was last edited on 23 November 2024, at 20:58",Primetime Emmy Awards,https://en.wikipedia.org/wiki/Primetime_Emmy_Award
" This page was last edited on 26 March 2024, at 13:12",Nigel Noble,https://en.wikipedia.org/wiki/Nigel_Noble
" This page was last edited on 30 December 2024, at 22:37",Animal House,https://en.wikipedia.org/wiki/National_Lampoon%27s_Animal_House
" This page was last edited on 28 December 2024, at 20:35",Nova,https://en.wikipedia.org/wiki/Nova_(American_TV_series)
" This page was last edited on 28 December 2024, at 17:25",The Guardians of the Galaxy Holiday Special,https://en.wikipedia.org/wiki/The_Guardians_of_the_Galaxy_Holiday_Special
" This page was last edited on 7 January 2025, at 05:07",Philadelphia,https://en.wikipedia.org/wiki/Philadelphia
" This page was last edited on 7 January 2025, at 07:58",Kevin Kline,https://en.wikipedia.org/wiki/Kevin_Kline
" This page was last edited on 6 January 2025, at 10:57",Alexander Skarsgård,https://en.wikipedia.org/wiki/Alexander_Skarsg%C3%A5rd
" This page was last edited on 5 January 2025, at 18:02",Jeremy Irons,https://en.wikipedia.org/wiki/Jeremy_Irons
" This page was last edited on 9 November 2024, at 03:04",Ann Wyeth McCoy,https://en.wikipedia.org/wiki/Ann_Wyeth_McCoy
" This page was last edited on 4 January 2025, at 17:49",American Experience,https://en.wikipedia.org/wiki/American_Experience
" This page was last edited on 22 October 2022, at 21:35",Gold Fever,https://en.wikipedia.org/wiki/Gold_Fever_(American_TV_series)
" This page was last edited on 22 May 2024, at 10:20",Dialect coach,https://en.wikipedia.org/wiki/Dialect_coach
" This page was last edited on 28 December 2024, at 19:31",Acting,https://en.wikipedia.org/wiki/Acting
" This page was last edited on 27 November 2024, at 18:55",Double (occupation),https://en.wikipedia.org/wiki/Body_double
" This page was last edited on 25 December 2024, at 20:04",Choreography,https://en.wikipedia.org/wiki/Choreography
" This page was last edited on 3 December 2024, at 17:51",Acting coach,https://en.wikipedia.org/wiki/Acting_coach
lastUpdated,title,url
" This page was last edited on 1 January 2025, at 17:05",Kevin Bacon,https://en.wikipedia.org/wiki/Kevin_Bacon
" This page was last edited on 20 November 2024, at 21:20",Michael Bacon (musician),https://en.wikipedia.org/wiki/Michael_Bacon_(musician)
" This page was last edited on 12 June 2022, at 14:34",Kevin Bacon (disambiguation),https://en.wikipedia.org/wiki/Kevin_Bacon_(disambiguation)
" This page was last edited on 6 January 2025, at 22:59",Main Page,https://en.wikipedia.org/wiki/Main_Page
" This page was last edited on 15 December 2024, at 06:30",Kevin Bacon filmography,https://en.wikipedia.org/wiki/Kevin_Bacon_filmography
" This page was last edited on 25 December 2024, at 20:29",Leading actor,https://en.wikipedia.org/wiki/Leading_man
" This page was last edited on 10 November 2024, at 23:31",Edmund Bacon (architect),https://en.wikipedia.org/wiki/Edmund_Bacon_(architect)
" This page was last edited on 26 December 2024, at 23:42",Kyra Sedgwick,https://en.wikipedia.org/wiki/Kyra_Sedgwick
" This page was last edited on 15 December 2024, at 11:36",Character actor,https://en.wikipedia.org/wiki/Character_actor
" This page was last edited on 8 December 2024, at 18:56",Sosie Bacon,https://en.wikipedia.org/wiki/Sosie_Bacon
" This page was last edited on 24 December 2024, at 02:13",Diner,https://en.wikipedia.org/wiki/Diner_(1982_film)
" This page was last edited on 8 January 2025, at 06:08",Golden Globe Awards,https://en.wikipedia.org/wiki/Golden_Globe_Award
" This page was last edited on 23 November 2024, at 20:58",Primetime Emmy Awards,https://en.wikipedia.org/wiki/Primetime_Emmy_Award
" This page was last edited on 8 January 2025, at 21:17",Feature film,https://en.wikipedia.org/wiki/Big_screen
" This page was last edited on 8 January 2025, at 23:34",Screen Actors Guild Awards,https://en.wikipedia.org/wiki/Screen_Actors_Guild_Award
" This page was last edited on 30 December 2024, at 22:37",Animal House,https://en.wikipedia.org/wiki/National_Lampoon%27s_Animal_House
" This page was last edited on 6 January 2025, at 01:25",William H. Macy,https://en.wikipedia.org/wiki/William_H._Macy
" This page was last edited on 7 January 2025, at 05:07",Philadelphia,https://en.wikipedia.org/wiki/Philadelphia
" This page was last edited on 7 January 2025, at 07:58",Kevin Kline,https://en.wikipedia.org/wiki/Kevin_Kline
" This page was last edited on 5 January 2025, at 18:02",Jeremy Irons,https://en.wikipedia.org/wiki/Jeremy_Irons
" This page was last edited on 6 January 2025, at 10:57",Alexander Skarsgård,https://en.wikipedia.org/wiki/Alexander_Skarsg%C3%A5rd
" This page was last edited on 2 January 2025, at 19:47",Paul Newman,https://en.wikipedia.org/wiki/Paul_Newman
" This page was last edited on 24 December 2024, at 21:14",Sam Elliott,https://en.wikipedia.org/wiki/Sam_Elliott
" This page was last edited on 8 January 2025, at 20:35",Ben Kingsley,https://en.wikipedia.org/wiki/Ben_Kingsley
" This page was last edited on 8 January 2025, at 16:50",Christopher Reeve,https://en.wikipedia.org/wiki/Christopher_Reeve
" This page was last edited on 1 January 2025, at 12:20",Duchy of Württemberg,https://en.wikipedia.org/wiki/Duchy_of_W%C3%BCrttemberg
" This page was last edited on 8 January 2025, at 07:18",Great Storm of 1975,https://en.wikipedia.org/wiki/Great_Storm_of_1975
" This page was last edited on 6 January 2025, at 08:39",1975,https://en.wikipedia.org/wiki/1975
" This page was last edited on 8 January 2025, at 07:16",1917,https://en.wikipedia.org/wiki/1917
" This page was last edited on 7 January 2025, at 18:35",Sudanese civil war (2023–present),https://en.wikipedia.org/wiki/Sudanese_civil_war_(2023%E2%80%93present)
" This page was last edited on 11 May 2024, at 10:16",Albumen print,https://en.wikipedia.org/wiki/Albumen_print
" This page was last edited on 7 January 2025, at 08:21",Wikimedia Foundation,https://en.wikipedia.org/wiki/Wikimedia_Foundation
" This page was last edited on 9 January 2025, at 01:03",January 10,https://en.wikipedia.org/wiki/January_10
